[{"model": "admin.logentry", "pk": 1, "fields": {"action_time": "2022-10-13T19:33:49.315Z", "user": 1, "content_type": 9, "object_id": "1", "object_repr": "Adventure", "action_flag": 1, "change_message": "[{\"added\": {}}]"}}, {"model": "admin.logentry", "pk": 2, "fields": {"action_time": "2022-10-13T19:33:55.811Z", "user": 1, "content_type": 9, "object_id": "2", "object_repr": "Lifestyle", "action_flag": 1, "change_message": "[{\"added\": {}}]"}}, {"model": "admin.logentry", "pk": 3, "fields": {"action_time": "2022-10-13T19:34:08.171Z", "user": 1, "content_type": 9, "object_id": "3", "object_repr": "Art", "action_flag": 1, "change_message": "[{\"added\": {}}]"}}, {"model": "admin.logentry", "pk": 4, "fields": {"action_time": "2022-10-13T19:34:15.107Z", "user": 1, "content_type": 9, "object_id": "4", "object_repr": "Technology", "action_flag": 1, "change_message": "[{\"added\": {}}]"}}, {"model": "admin.logentry", "pk": 5, "fields": {"action_time": "2022-10-13T19:34:22.770Z", "user": 1, "content_type": 9, "object_id": "5", "object_repr": "Fashion", "action_flag": 1, "change_message": "[{\"added\": {}}]"}}, {"model": "admin.logentry", "pk": 6, "fields": {"action_time": "2022-10-13T19:34:45.780Z", "user": 1, "content_type": 7, "object_id": "1", "object_repr": "Fashion", "action_flag": 1, "change_message": "[{\"added\": {}}]"}}, {"model": "admin.logentry", "pk": 7, "fields": {"action_time": "2022-10-13T19:34:51.331Z", "user": 1, "content_type": 7, "object_id": "2", "object_repr": "Architecture", "action_flag": 1, "change_message": "[{\"added\": {}}]"}}, {"model": "admin.logentry", "pk": 8, "fields": {"action_time": "2022-10-13T19:34:56.120Z", "user": 1, "content_type": 7, "object_id": "3", "object_repr": "Food", "action_flag": 1, "change_message": "[{\"added\": {}}]"}}, {"model": "admin.logentry", "pk": 9, "fields": {"action_time": "2022-10-13T19:35:06.739Z", "user": 1, "content_type": 7, "object_id": "4", "object_repr": "Art", "action_flag": 1, "change_message": "[{\"added\": {}}]"}}, {"model": "admin.logentry", "pk": 10, "fields": {"action_time": "2022-10-13T19:43:17.814Z", "user": 1, "content_type": 10, "object_id": "1", "object_repr": "Astronomy Binoculars A Great Alternative", "action_flag": 1, "change_message": "[{\"added\": {}}]"}}, {"model": "admin.logentry", "pk": 11, "fields": {"action_time": "2022-10-13T19:44:33.991Z", "user": 1, "content_type": 10, "object_id": "2", "object_repr": "The Basics Of Buying A Telescope", "action_flag": 1, "change_message": "[{\"added\": {}}]"}}, {"model": "admin.logentry", "pk": 12, "fields": {"action_time": "2022-10-13T19:45:03.756Z", "user": 1, "content_type": 10, "object_id": "3", "object_repr": "The Glossary Of Telescopes", "action_flag": 1, "change_message": "[{\"added\": {}}]"}}, {"model": "admin.logentry", "pk": 13, "fields": {"action_time": "2022-10-13T19:45:47.588Z", "user": 1, "content_type": 10, "object_id": "4", "object_repr": "The Night Sky", "action_flag": 1, "change_message": "[{\"added\": {}}]"}}, {"model": "admin.logentry", "pk": 14, "fields": {"action_time": "2022-10-13T19:46:12.277Z", "user": 1, "content_type": 10, "object_id": "5", "object_repr": "Telescopes 101", "action_flag": 1, "change_message": "[{\"added\": {}}]"}}, {"model": "admin.logentry", "pk": 15, "fields": {"action_time": "2022-10-17T14:46:04.945Z", "user": 1, "content_type": 12, "object_id": "1", "object_repr": "Apple", "action_flag": 1, "change_message": "[{\"added\": {}}]"}}, {"model": "admin.logentry", "pk": 16, "fields": {"action_time": "2022-10-17T14:46:50.348Z", "user": 1, "content_type": 12, "object_id": "2", "object_repr": "Asus", "action_flag": 1, "change_message": "[{\"added\": {}}]"}}, {"model": "admin.logentry", "pk": 17, "fields": {"action_time": "2022-10-17T14:47:05.156Z", "user": 1, "content_type": 12, "object_id": "3", "object_repr": "Gionee", "action_flag": 1, "change_message": "[{\"added\": {}}]"}}, {"model": "admin.logentry", "pk": 18, "fields": {"action_time": "2022-10-17T14:47:07.428Z", "user": 1, "content_type": 12, "object_id": "4", "object_repr": "Micromax", "action_flag": 1, "change_message": "[{\"added\": {}}]"}}, {"model": "admin.logentry", "pk": 19, "fields": {"action_time": "2022-10-17T14:47:16.037Z", "user": 1, "content_type": 12, "object_id": "5", "object_repr": "Samsung", "action_flag": 1, "change_message": "[{\"added\": {}}]"}}, {"model": "admin.logentry", "pk": 20, "fields": {"action_time": "2022-10-17T14:48:44.948Z", "user": 1, "content_type": 14, "object_id": "1", "object_repr": "Fruits and Vegetables", "action_flag": 1, "change_message": "[{\"added\": {}}]"}}, {"model": "admin.logentry", "pk": 21, "fields": {"action_time": "2022-10-17T14:48:59.929Z", "user": 1, "content_type": 14, "object_id": "2", "object_repr": "Meat and Fish", "action_flag": 1, "change_message": "[{\"added\": {}}]"}}, {"model": "admin.logentry", "pk": 22, "fields": {"action_time": "2022-10-17T14:49:55.083Z", "user": 1, "content_type": 14, "object_id": "3", "object_repr": "Cooking", "action_flag": 1, "change_message": "[{\"added\": {}}]"}}, {"model": "admin.logentry", "pk": 23, "fields": {"action_time": "2022-10-17T14:50:21.844Z", "user": 1, "content_type": 14, "object_id": "4", "object_repr": "Beverages", "action_flag": 1, "change_message": "[{\"added\": {}}]"}}, {"model": "admin.logentry", "pk": 24, "fields": {"action_time": "2022-10-17T14:50:33.429Z", "user": 1, "content_type": 14, "object_id": "5", "object_repr": "Home and Cleaning", "action_flag": 1, "change_message": "[{\"added\": {}}]"}}, {"model": "admin.logentry", "pk": 25, "fields": {"action_time": "2022-10-17T14:50:41.388Z", "user": 1, "content_type": 14, "object_id": "6", "object_repr": "Pest Control", "action_flag": 1, "change_message": "[{\"added\": {}}]"}}, {"model": "admin.logentry", "pk": 26, "fields": {"action_time": "2022-10-17T14:50:49.020Z", "user": 1, "content_type": 14, "object_id": "7", "object_repr": "Office Products", "action_flag": 1, "change_message": "[{\"added\": {}}]"}}, {"model": "admin.logentry", "pk": 27, "fields": {"action_time": "2022-10-17T14:55:11.243Z", "user": 1, "content_type": 17, "object_id": "1", "object_repr": "128-508", "action_flag": 1, "change_message": "[{\"added\": {}}]"}}, {"model": "admin.logentry", "pk": 28, "fields": {"action_time": "2022-10-17T15:18:14.919Z", "user": 1, "content_type": 15, "object_id": "1", "object_repr": "images/p1.jpg", "action_flag": 1, "change_message": "[{\"added\": {}}]"}}, {"model": "admin.logentry", "pk": 29, "fields": {"action_time": "2022-10-17T15:21:53.630Z", "user": 1, "content_type": 17, "object_id": "1", "object_repr": "MINI", "action_flag": 2, "change_message": "[{\"changed\": {\"fields\": [\"\\u041d\\u0430\\u0437\\u0432\\u0430\\u043d\\u0438\\u0435\"]}}]"}}, {"model": "admin.logentry", "pk": 30, "fields": {"action_time": "2022-10-17T15:22:13.435Z", "user": 1, "content_type": 15, "object_id": "2", "object_repr": "images/p1_3Fq9cQP.jpg", "action_flag": 1, "change_message": "[{\"added\": {}}]"}}, {"model": "admin.logentry", "pk": 31, "fields": {"action_time": "2022-10-17T15:22:19.968Z", "user": 1, "content_type": 15, "object_id": "3", "object_repr": "images/p2.jpg", "action_flag": 1, "change_message": "[{\"added\": {}}]"}}, {"model": "admin.logentry", "pk": 32, "fields": {"action_time": "2022-10-17T15:22:26.111Z", "user": 1, "content_type": 15, "object_id": "4", "object_repr": "images/p4.jpg", "action_flag": 1, "change_message": "[{\"added\": {}}]"}}, {"model": "admin.logentry", "pk": 33, "fields": {"action_time": "2022-10-17T15:24:46.328Z", "user": 1, "content_type": 16, "object_id": "1", "object_repr": "Faded SkyBlu Denim Jeans", "action_flag": 1, "change_message": "[{\"added\": {}}]"}}, {"model": "admin.logentry", "pk": 34, "fields": {"action_time": "2022-10-17T15:25:12.686Z", "user": 1, "content_type": 16, "object_id": "2", "object_repr": "Faded SkyBlu Denim Jeans-2", "action_flag": 1, "change_message": "[{\"added\": {}}]"}}, {"model": "admin.logentry", "pk": 35, "fields": {"action_time": "2022-10-17T15:25:35.401Z", "user": 1, "content_type": 16, "object_id": "3", "object_repr": "Faded SkyBlu Denim Jeans-3", "action_flag": 1, "change_message": "[{\"added\": {}}]"}}, {"model": "admin.logentry", "pk": 36, "fields": {"action_time": "2022-10-17T15:25:51.815Z", "user": 1, "content_type": 16, "object_id": "4", "object_repr": "Faded SkyBlu Denim Jeans-4", "action_flag": 1, "change_message": "[{\"added\": {}}]"}}, {"model": "admin.logentry", "pk": 37, "fields": {"action_time": "2022-10-17T15:26:15.764Z", "user": 1, "content_type": 16, "object_id": "5", "object_repr": "Faded SkyBlu Denim Jeans-5", "action_flag": 1, "change_message": "[{\"added\": {}}]"}}, {"model": "admin.logentry", "pk": 38, "fields": {"action_time": "2022-10-17T15:26:32.199Z", "user": 1, "content_type": 16, "object_id": "6", "object_repr": "Faded SkyBlu Denim Jeans-6", "action_flag": 1, "change_message": "[{\"added\": {}}]"}}, {"model": "admin.logentry", "pk": 39, "fields": {"action_time": "2022-10-17T15:26:52.764Z", "user": 1, "content_type": 16, "object_id": "7", "object_repr": "Faded SkyBlu Denim Jeans-7", "action_flag": 1, "change_message": "[{\"added\": {}}]"}}, {"model": "admin.logentry", "pk": 40, "fields": {"action_time": "2022-10-17T15:27:06.414Z", "user": 1, "content_type": 16, "object_id": "8", "object_repr": "Faded SkyBlu Denim Jeans-8", "action_flag": 1, "change_message": "[{\"added\": {}}]"}}, {"model": "admin.logentry", "pk": 41, "fields": {"action_time": "2022-10-17T17:07:02.626Z", "user": 1, "content_type": 16, "object_id": "8", "object_repr": "Faded SkyBlu Denim Jeans-8", "action_flag": 2, "change_message": "[{\"changed\": {\"fields\": [\"\\u0425\\u0430\\u0440\\u0430\\u043a\\u0442\\u0435\\u0440\\u0438\\u0441\\u0442\\u0438\\u043a\\u0438\"]}}]"}}, {"model": "admin.logentry", "pk": 42, "fields": {"action_time": "2022-10-17T17:07:08.601Z", "user": 1, "content_type": 16, "object_id": "1", "object_repr": "Faded SkyBlu Denim Jeans", "action_flag": 2, "change_message": "[{\"changed\": {\"fields\": [\"\\u0425\\u0430\\u0440\\u0430\\u043a\\u0442\\u0435\\u0440\\u0438\\u0441\\u0442\\u0438\\u043a\\u0438\"]}}]"}}, {"model": "admin.logentry", "pk": 43, "fields": {"action_time": "2022-10-17T17:07:13.018Z", "user": 1, "content_type": 16, "object_id": "2", "object_repr": "Faded SkyBlu Denim Jeans-2", "action_flag": 2, "change_message": "[{\"changed\": {\"fields\": [\"\\u0425\\u0430\\u0440\\u0430\\u043a\\u0442\\u0435\\u0440\\u0438\\u0441\\u0442\\u0438\\u043a\\u0438\"]}}]"}}, {"model": "admin.logentry", "pk": 44, "fields": {"action_time": "2022-10-17T17:07:17.705Z", "user": 1, "content_type": 16, "object_id": "3", "object_repr": "Faded SkyBlu Denim Jeans-3", "action_flag": 2, "change_message": "[{\"changed\": {\"fields\": [\"\\u0425\\u0430\\u0440\\u0430\\u043a\\u0442\\u0435\\u0440\\u0438\\u0441\\u0442\\u0438\\u043a\\u0438\"]}}]"}}, {"model": "admin.logentry", "pk": 45, "fields": {"action_time": "2022-10-17T17:07:23.024Z", "user": 1, "content_type": 16, "object_id": "4", "object_repr": "Faded SkyBlu Denim Jeans-4", "action_flag": 2, "change_message": "[{\"changed\": {\"fields\": [\"\\u0425\\u0430\\u0440\\u0430\\u043a\\u0442\\u0435\\u0440\\u0438\\u0441\\u0442\\u0438\\u043a\\u0438\"]}}]"}}, {"model": "admin.logentry", "pk": 46, "fields": {"action_time": "2022-10-17T17:07:27.889Z", "user": 1, "content_type": 16, "object_id": "5", "object_repr": "Faded SkyBlu Denim Jeans-5", "action_flag": 2, "change_message": "[{\"changed\": {\"fields\": [\"\\u0425\\u0430\\u0440\\u0430\\u043a\\u0442\\u0435\\u0440\\u0438\\u0441\\u0442\\u0438\\u043a\\u0438\"]}}]"}}, {"model": "admin.logentry", "pk": 47, "fields": {"action_time": "2022-10-17T17:07:32.907Z", "user": 1, "content_type": 16, "object_id": "6", "object_repr": "Faded SkyBlu Denim Jeans-6", "action_flag": 2, "change_message": "[{\"changed\": {\"fields\": [\"\\u0425\\u0430\\u0440\\u0430\\u043a\\u0442\\u0435\\u0440\\u0438\\u0441\\u0442\\u0438\\u043a\\u0438\"]}}]"}}, {"model": "admin.logentry", "pk": 48, "fields": {"action_time": "2022-10-17T17:07:39.176Z", "user": 1, "content_type": 16, "object_id": "7", "object_repr": "Faded SkyBlu Denim Jeans-7", "action_flag": 2, "change_message": "[{\"changed\": {\"fields\": [\"\\u0425\\u0430\\u0440\\u0430\\u043a\\u0442\\u0435\\u0440\\u0438\\u0441\\u0442\\u0438\\u043a\\u0438\"]}}]"}}, {"model": "admin.logentry", "pk": 49, "fields": {"action_time": "2022-10-17T17:07:57.282Z", "user": 1, "content_type": 16, "object_id": "1", "object_repr": "Faded SkyBlu Denim Jeans", "action_flag": 2, "change_message": "[]"}}, {"model": "auth.permission", "pk": 1, "fields": {"name": "Can add log entry", "content_type": 1, "codename": "add_logentry"}}, {"model": "auth.permission", "pk": 2, "fields": {"name": "Can change log entry", "content_type": 1, "codename": "change_logentry"}}, {"model": "auth.permission", "pk": 3, "fields": {"name": "Can delete log entry", "content_type": 1, "codename": "delete_logentry"}}, {"model": "auth.permission", "pk": 4, "fields": {"name": "Can view log entry", "content_type": 1, "codename": "view_logentry"}}, {"model": "auth.permission", "pk": 5, "fields": {"name": "Can add permission", "content_type": 2, "codename": "add_permission"}}, {"model": "auth.permission", "pk": 6, "fields": {"name": "Can change permission", "content_type": 2, "codename": "change_permission"}}, {"model": "auth.permission", "pk": 7, "fields": {"name": "Can delete permission", "content_type": 2, "codename": "delete_permission"}}, {"model": "auth.permission", "pk": 8, "fields": {"name": "Can view permission", "content_type": 2, "codename": "view_permission"}}, {"model": "auth.permission", "pk": 9, "fields": {"name": "Can add group", "content_type": 3, "codename": "add_group"}}, {"model": "auth.permission", "pk": 10, "fields": {"name": "Can change group", "content_type": 3, "codename": "change_group"}}, {"model": "auth.permission", "pk": 11, "fields": {"name": "Can delete group", "content_type": 3, "codename": "delete_group"}}, {"model": "auth.permission", "pk": 12, "fields": {"name": "Can view group", "content_type": 3, "codename": "view_group"}}, {"model": "auth.permission", "pk": 13, "fields": {"name": "Can add user", "content_type": 4, "codename": "add_user"}}, {"model": "auth.permission", "pk": 14, "fields": {"name": "Can change user", "content_type": 4, "codename": "change_user"}}, {"model": "auth.permission", "pk": 15, "fields": {"name": "Can delete user", "content_type": 4, "codename": "delete_user"}}, {"model": "auth.permission", "pk": 16, "fields": {"name": "Can view user", "content_type": 4, "codename": "view_user"}}, {"model": "auth.permission", "pk": 17, "fields": {"name": "Can add content type", "content_type": 5, "codename": "add_contenttype"}}, {"model": "auth.permission", "pk": 18, "fields": {"name": "Can change content type", "content_type": 5, "codename": "change_contenttype"}}, {"model": "auth.permission", "pk": 19, "fields": {"name": "Can delete content type", "content_type": 5, "codename": "delete_contenttype"}}, {"model": "auth.permission", "pk": 20, "fields": {"name": "Can view content type", "content_type": 5, "codename": "view_contenttype"}}, {"model": "auth.permission", "pk": 21, "fields": {"name": "Can add session", "content_type": 6, "codename": "add_session"}}, {"model": "auth.permission", "pk": 22, "fields": {"name": "Can change session", "content_type": 6, "codename": "change_session"}}, {"model": "auth.permission", "pk": 23, "fields": {"name": "Can delete session", "content_type": 6, "codename": "delete_session"}}, {"model": "auth.permission", "pk": 24, "fields": {"name": "Can view session", "content_type": 6, "codename": "view_session"}}, {"model": "auth.permission", "pk": 25, "fields": {"name": "Can add Категории", "content_type": 7, "codename": "add_category"}}, {"model": "auth.permission", "pk": 26, "fields": {"name": "Can change Категории", "content_type": 7, "codename": "change_category"}}, {"model": "auth.permission", "pk": 27, "fields": {"name": "Can delete Категории", "content_type": 7, "codename": "delete_category"}}, {"model": "auth.permission", "pk": 28, "fields": {"name": "Can view Категории", "content_type": 7, "codename": "view_category"}}, {"model": "auth.permission", "pk": 29, "fields": {"name": "Can add IP", "content_type": 8, "codename": "add_ip"}}, {"model": "auth.permission", "pk": 30, "fields": {"name": "Can change IP", "content_type": 8, "codename": "change_ip"}}, {"model": "auth.permission", "pk": 31, "fields": {"name": "Can delete IP", "content_type": 8, "codename": "delete_ip"}}, {"model": "auth.permission", "pk": 32, "fields": {"name": "Can view IP", "content_type": 8, "codename": "view_ip"}}, {"model": "auth.permission", "pk": 33, "fields": {"name": "Can add Тег", "content_type": 9, "codename": "add_tag"}}, {"model": "auth.permission", "pk": 34, "fields": {"name": "Can change Тег", "content_type": 9, "codename": "change_tag"}}, {"model": "auth.permission", "pk": 35, "fields": {"name": "Can delete Тег", "content_type": 9, "codename": "delete_tag"}}, {"model": "auth.permission", "pk": 36, "fields": {"name": "Can view Тег", "content_type": 9, "codename": "view_tag"}}, {"model": "auth.permission", "pk": 37, "fields": {"name": "Can add Пост", "content_type": 10, "codename": "add_post"}}, {"model": "auth.permission", "pk": 38, "fields": {"name": "Can change Пост", "content_type": 10, "codename": "change_post"}}, {"model": "auth.permission", "pk": 39, "fields": {"name": "Can delete Пост", "content_type": 10, "codename": "delete_post"}}, {"model": "auth.permission", "pk": 40, "fields": {"name": "Can view Пост", "content_type": 10, "codename": "view_post"}}, {"model": "auth.permission", "pk": 41, "fields": {"name": "Can add Комментарий", "content_type": 11, "codename": "add_comment"}}, {"model": "auth.permission", "pk": 42, "fields": {"name": "Can change Комментарий", "content_type": 11, "codename": "change_comment"}}, {"model": "auth.permission", "pk": 43, "fields": {"name": "Can delete Комментарий", "content_type": 11, "codename": "delete_comment"}}, {"model": "auth.permission", "pk": 44, "fields": {"name": "Can view Комментарий", "content_type": 11, "codename": "view_comment"}}, {"model": "auth.permission", "pk": 45, "fields": {"name": "Can add Бренд", "content_type": 12, "codename": "add_brand"}}, {"model": "auth.permission", "pk": 46, "fields": {"name": "Can change Бренд", "content_type": 12, "codename": "change_brand"}}, {"model": "auth.permission", "pk": 47, "fields": {"name": "Can delete Бренд", "content_type": 12, "codename": "delete_brand"}}, {"model": "auth.permission", "pk": 48, "fields": {"name": "Can view Бренд", "content_type": 12, "codename": "view_brand"}}, {"model": "auth.permission", "pk": 49, "fields": {"name": "Can add Комментарий", "content_type": 13, "codename": "add_comment"}}, {"model": "auth.permission", "pk": 50, "fields": {"name": "Can change Комментарий", "content_type": 13, "codename": "change_comment"}}, {"model": "auth.permission", "pk": 51, "fields": {"name": "Can delete Комментарий", "content_type": 13, "codename": "delete_comment"}}, {"model": "auth.permission", "pk": 52, "fields": {"name": "Can view Комментарий", "content_type": 13, "codename": "view_comment"}}, {"model": "auth.permission", "pk": 53, "fields": {"name": "Can add Категория", "content_type": 14, "codename": "add_category"}}, {"model": "auth.permission", "pk": 54, "fields": {"name": "Can change Категория", "content_type": 14, "codename": "change_category"}}, {"model": "auth.permission", "pk": 55, "fields": {"name": "Can delete Категория", "content_type": 14, "codename": "delete_category"}}, {"model": "auth.permission", "pk": 56, "fields": {"name": "Can view Категория", "content_type": 14, "codename": "view_category"}}, {"model": "auth.permission", "pk": 57, "fields": {"name": "Can add Изображение к продукту", "content_type": 15, "codename": "add_imageproduct"}}, {"model": "auth.permission", "pk": 58, "fields": {"name": "Can change Изображение к продукту", "content_type": 15, "codename": "change_imageproduct"}}, {"model": "auth.permission", "pk": 59, "fields": {"name": "Can delete Изображение к продукту", "content_type": 15, "codename": "delete_imageproduct"}}, {"model": "auth.permission", "pk": 60, "fields": {"name": "Can view Изображение к продукту", "content_type": 15, "codename": "view_imageproduct"}}, {"model": "auth.permission", "pk": 61, "fields": {"name": "Can add Продукт", "content_type": 16, "codename": "add_product"}}, {"model": "auth.permission", "pk": 62, "fields": {"name": "Can change Продукт", "content_type": 16, "codename": "change_product"}}, {"model": "auth.permission", "pk": 63, "fields": {"name": "Can delete Продукт", "content_type": 16, "codename": "delete_product"}}, {"model": "auth.permission", "pk": 64, "fields": {"name": "Can view Продукт", "content_type": 16, "codename": "view_product"}}, {"model": "auth.permission", "pk": 65, "fields": {"name": "Can add Характеристика", "content_type": 17, "codename": "add_specification"}}, {"model": "auth.permission", "pk": 66, "fields": {"name": "Can change Характеристика", "content_type": 17, "codename": "change_specification"}}, {"model": "auth.permission", "pk": 67, "fields": {"name": "Can delete Характеристика", "content_type": 17, "codename": "delete_specification"}}, {"model": "auth.permission", "pk": 68, "fields": {"name": "Can view Характеристика", "content_type": 17, "codename": "view_specification"}}, {"model": "auth.permission", "pk": 69, "fields": {"name": "Can add Отзыв", "content_type": 18, "codename": "add_reviews"}}, {"model": "auth.permission", "pk": 70, "fields": {"name": "Can change Отзыв", "content_type": 18, "codename": "change_reviews"}}, {"model": "auth.permission", "pk": 71, "fields": {"name": "Can delete Отзыв", "content_type": 18, "codename": "delete_reviews"}}, {"model": "auth.permission", "pk": 72, "fields": {"name": "Can view Отзыв", "content_type": 18, "codename": "view_reviews"}}, {"model": "auth.permission", "pk": 73, "fields": {"name": "Can add Рейтинг", "content_type": 19, "codename": "add_rating"}}, {"model": "auth.permission", "pk": 74, "fields": {"name": "Can change Рейтинг", "content_type": 19, "codename": "change_rating"}}, {"model": "auth.permission", "pk": 75, "fields": {"name": "Can delete Рейтинг", "content_type": 19, "codename": "delete_rating"}}, {"model": "auth.permission", "pk": 76, "fields": {"name": "Can view Рейтинг", "content_type": 19, "codename": "view_rating"}}, {"model": "auth.permission", "pk": 77, "fields": {"name": "Can add Звезда рейтинга", "content_type": 20, "codename": "add_ratingstar"}}, {"model": "auth.permission", "pk": 78, "fields": {"name": "Can change Звезда рейтинга", "content_type": 20, "codename": "change_ratingstar"}}, {"model": "auth.permission", "pk": 79, "fields": {"name": "Can delete Звезда рейтинга", "content_type": 20, "codename": "delete_ratingstar"}}, {"model": "auth.permission", "pk": 80, "fields": {"name": "Can view Звезда рейтинга", "content_type": 20, "codename": "view_ratingstar"}}, {"model": "auth.permission", "pk": 81, "fields": {"name": "Can add Данные заказчика", "content_type": 21, "codename": "add_orderitemlist"}}, {"model": "auth.permission", "pk": 82, "fields": {"name": "Can change Данные заказчика", "content_type": 21, "codename": "change_orderitemlist"}}, {"model": "auth.permission", "pk": 83, "fields": {"name": "Can delete Данные заказчика", "content_type": 21, "codename": "delete_orderitemlist"}}, {"model": "auth.permission", "pk": 84, "fields": {"name": "Can view Данные заказчика", "content_type": 21, "codename": "view_orderitemlist"}}, {"model": "auth.permission", "pk": 85, "fields": {"name": "Can add Заказ", "content_type": 22, "codename": "add_order"}}, {"model": "auth.permission", "pk": 86, "fields": {"name": "Can change Заказ", "content_type": 22, "codename": "change_order"}}, {"model": "auth.permission", "pk": 87, "fields": {"name": "Can delete Заказ", "content_type": 22, "codename": "delete_order"}}, {"model": "auth.permission", "pk": 88, "fields": {"name": "Can view Заказ", "content_type": 22, "codename": "view_order"}}, {"model": "auth.user", "pk": 1, "fields": {"password": "pbkdf2_sha256$390000$IuBYXSfvYJLv3y1sT0vMGp$OuFMfGuvuLI8AjLi0P46fby1NpHHmk3cN8PCJyfDTlg=", "last_login": "2022-10-19T14:26:58.408Z", "is_superuser": true, "username": "admin", "first_name": "", "last_name": "", "email": "batsaev@gmail.com", "is_staff": true, "is_active": true, "date_joined": "2022-10-13T19:31:12.736Z", "groups": [], "user_permissions": []}}, {"model": "contenttypes.contenttype", "pk": 1, "fields": {"app_label": "admin", "model": "logentry"}}, {"model": "contenttypes.contenttype", "pk": 2, "fields": {"app_label": "auth", "model": "permission"}}, {"model": "contenttypes.contenttype", "pk": 3, "fields": {"app_label": "auth", "model": "group"}}, {"model": "contenttypes.contenttype", "pk": 4, "fields": {"app_label": "auth", "model": "user"}}, {"model": "contenttypes.contenttype", "pk": 5, "fields": {"app_label": "contenttypes", "model": "contenttype"}}, {"model": "contenttypes.contenttype", "pk": 6, "fields": {"app_label": "sessions", "model": "session"}}, {"model": "contenttypes.contenttype", "pk": 7, "fields": {"app_label": "blog", "model": "category"}}, {"model": "contenttypes.contenttype", "pk": 8, "fields": {"app_label": "blog", "model": "ip"}}, {"model": "contenttypes.contenttype", "pk": 9, "fields": {"app_label": "blog", "model": "tag"}}, {"model": "contenttypes.contenttype", "pk": 10, "fields": {"app_label": "blog", "model": "post"}}, {"model": "contenttypes.contenttype", "pk": 11, "fields": {"app_label": "blog", "model": "comment"}}, {"model": "contenttypes.contenttype", "pk": 12, "fields": {"app_label": "shop", "model": "brand"}}, {"model": "contenttypes.contenttype", "pk": 13, "fields": {"app_label": "shop", "model": "comment"}}, {"model": "contenttypes.contenttype", "pk": 14, "fields": {"app_label": "shop", "model": "category"}}, {"model": "contenttypes.contenttype", "pk": 15, "fields": {"app_label": "shop", "model": "imageproduct"}}, {"model": "contenttypes.contenttype", "pk": 16, "fields": {"app_label": "shop", "model": "product"}}, {"model": "contenttypes.contenttype", "pk": 17, "fields": {"app_label": "shop", "model": "specification"}}, {"model": "contenttypes.contenttype", "pk": 18, "fields": {"app_label": "shop", "model": "reviews"}}, {"model": "contenttypes.contenttype", "pk": 19, "fields": {"app_label": "shop", "model": "rating"}}, {"model": "contenttypes.contenttype", "pk": 20, "fields": {"app_label": "shop", "model": "ratingstar"}}, {"model": "contenttypes.contenttype", "pk": 21, "fields": {"app_label": "orders", "model": "orderitemlist"}}, {"model": "contenttypes.contenttype", "pk": 22, "fields": {"app_label": "orders", "model": "order"}}, {"model": "sessions.session", "pk": "298bnzpf4zwbad2hzy4foywxvyxg8pwp", "fields": {"session_data": ".eJxVjsEOgjAQRP9lz6ShtlDL0bvfQHbbrVQNaCkHQ_h3S8JBL3OYeTOZFXpc8tAvM6c-euhAQvXrEboHj3vg7zjeJuGmMadIYkfEkc7iOnl-Xg72b2DAeSjt2qg2YGNCkJ5qgw0ykjYeTdCyDcrLRiqp6XxissoS1Va1jjQ7I0_suIw6TBm6tTws8l5wzDF_oNMVvFIsRPmurbAWtm37AhbFReY:1oktN2:st7moJssf_fYn6M3obwubQ3wOUGN4AdNUjSg2-O6F3w", "expire_date": "2022-11-01T20:39:28.137Z"}}, {"model": "sessions.session", "pk": "gln2r7u4d9zky8fp67whoxzzx3q3vjq0", "fields": {"session_data": ".eJxVjrEOgzAQQ__l5ioiJJCGsXu_Ad0ll5K2gjaEoUL8e4nEwuLBz7a8gsOUoVtBFvkuOOaYf9CpWl_gk6Jj6EBqK6yFbbtAj0se-mXm1EdfEJw8QvfisQD_xPExCTeNOUUSJSIOOov75Pl9O7KngQHnYW9XRrUBGxOC9FQZbJCRtPFogpZtUF42UklN15rJKktUWdU60uyMrHk_vf0Bi_VGSw:1olvPE:ZIhnNwcORtitJfDlbWuPKd9AgD9Eokj1zwCMhUKU-sE", "expire_date": "2022-11-04T17:02:00.192Z"}}, {"model": "sessions.session", "pk": "wgjt21uzwshrkucn1c0ju17jooz1tmpb", "fields": {"session_data": ".eJxVjDsOwjAQBe_iGlne-Icp6XMGa9de4wBypDipEHeHSCmgfTPzXiLitta4dV7ilMVFgDj9boTpwW0H-Y7tNss0t3WZSO6KPGiX45z5eT3cv4OKvX5r5bUraH0pkEl5tMhIxmf0xYArOoMFDYbOA1PQgUgF7RIZTh4GTizeH_YuOIM:1ok8KH:W5ytp7jdwOoh3XiMCOxaBFwAbSupsILGHLKQgeJTHBE", "expire_date": "2022-10-30T18:25:29.814Z"}}, {"model": "orders.orderitemlist", "pk": 1, "fields": {"first_name": "Bert", "last_name": "Morales", "company_name": "Gross Ingram LLC", "phone": "+16898346006", "address": "Sapiente delectus commodi nisi ad laudantium quas voluptatem Do tempore sit fuga In ab labore sit eum maiores", "city": "Temporibus iusto ut do pariatur Rerum voluptatum vel deserunt et vel"}}, {"model": "orders.orderitemlist", "pk": 2, "fields": {"first_name": "Jackson", "last_name": "Carpenter", "company_name": "Kennedy and Todd Associates", "phone": "+15036439634", "address": "Aut quia ut eum elit veniam esse porro magnam laborum aut dolores nesciunt", "city": "Adipisicing in aut reiciendis quos unde delectus minim"}}, {"model": "orders.orderitemlist", "pk": 3, "fields": {"first_name": "Jackson", "last_name": "Carpenter", "company_name": "Kennedy and Todd Associates", "phone": "+15036439634", "address": "Aut quia ut eum elit veniam esse porro magnam laborum aut dolores nesciunt", "city": "Adipisicing in aut reiciendis quos unde delectus minim"}}, {"model": "shop.category", "pk": 1, "fields": {"name": "Fruits and Vegetables", "slug": "fruits-and-vegetables"}}, {"model": "shop.category", "pk": 2, "fields": {"name": "Meat and Fish", "slug": "meat-and-fish"}}, {"model": "shop.category", "pk": 3, "fields": {"name": "Cooking", "slug": "cooking"}}, {"model": "shop.category", "pk": 4, "fields": {"name": "Beverages", "slug": "beverages"}}, {"model": "shop.category", "pk": 5, "fields": {"name": "Home and Cleaning", "slug": "home-and-cleaning"}}, {"model": "shop.category", "pk": 6, "fields": {"name": "Pest Control", "slug": "pest-control"}}, {"model": "shop.category", "pk": 7, "fields": {"name": "Office Products", "slug": "office-products"}}, {"model": "shop.brand", "pk": 1, "fields": {"name": "Apple", "slug": "apple"}}, {"model": "shop.brand", "pk": 2, "fields": {"name": "Asus", "slug": "asus"}}, {"model": "shop.brand", "pk": 3, "fields": {"name": "Gionee", "slug": "gionee"}}, {"model": "shop.brand", "pk": 4, "fields": {"name": "Micromax", "slug": "micromax"}}, {"model": "shop.brand", "pk": 5, "fields": {"name": "Samsung", "slug": "samsung"}}, {"model": "shop.specification", "pk": 1, "fields": {"name": "MINI", "width": 128, "height": 508, "depth": 23, "weight": 45, "quality_checking": "Да", "freshness_duration": 3, "when_packeting": "Да"}}, {"model": "shop.imageproduct", "pk": 1, "fields": {"image": "images/p1.jpg"}}, {"model": "shop.imageproduct", "pk": 2, "fields": {"image": "images/p1_3Fq9cQP.jpg"}}, {"model": "shop.imageproduct", "pk": 3, "fields": {"image": "images/p2.jpg"}}, {"model": "shop.imageproduct", "pk": 4, "fields": {"image": "images/p4.jpg"}}, {"model": "shop.product", "pk": 1, "fields": {"title": "Faded SkyBlu Denim Jeans", "price": "149.99", "old_price": "160.99", "published": true, "create_at": "2022-10-17T15:24:46.187Z", "availibility": "ДА", "quantity": 21, "main_image": "images/p1_REJiEoX.jpg", "slug": "faded-skyblu-denim-jeans-1", "description": "Beryl Cook is one of Britain’s most talented and amusing artists .Beryl’s pictures feature women of all shapes and sizes enjoying themselves .Born between the two world wars, Beryl Cook eventually left Kendrick School in Reading at the age of 15, where she went to secretarial school and then into an insurance office. After moving to London and then Hampton, she eventually married her next door neighbour from Reading, John Cook. He was an officer in the Merchant Navy and after he left the sea in 1956, they bought a pub for a year before John took a job in Southern Rhodesia with a motor company. Beryl bought their young son a box of watercolours, and when showing him how to use it, she decided that she herself quite enjoyed painting. John subsequently bought her a child’s painting set for her birthday and it was with this that she produced her first significant work, a half-length portrait of a dark-skinned lady with a vacant expression and large drooping breasts. It was aptly named ‘Hangover’ by Beryl’s husband and\r\n\r\nIt is often frustrating to attempt to plan meals that are designed for one. Despite this fact, we are seeing more and more recipe books and Internet websites that are dedicated to the act of cooking for one. Divorce and the death of spouses or grown children leaving for college are all reasons that someone accustomed to cooking for more than one would suddenly need to learn how to adjust all the cooking practices utilized before into a streamlined plan of cooking that is more efficient for one person creating less", "category": 1, "brand": [1], "specification": [1], "imageproduct": [1, 2, 3, 4]}}, {"model": "shop.product", "pk": 2, "fields": {"title": "Faded SkyBlu Denim Jeans-2", "price": "149.99", "old_price": "160.99", "published": true, "create_at": "2022-10-17T15:25:12.683Z", "availibility": "ДА", "quantity": 12, "main_image": "images/p2_GOBRu90.jpg", "slug": "faded-skyblu-denim-jeans-2", "description": "Beryl Cook is one of Britain’s most talented and amusing artists .Beryl’s pictures feature women of all shapes and sizes enjoying themselves .Born between the two world wars, Beryl Cook eventually left Kendrick School in Reading at the age of 15, where she went to secretarial school and then into an insurance office. After moving to London and then Hampton, she eventually married her next door neighbour from Reading, John Cook. He was an officer in the Merchant Navy and after he left the sea in 1956, they bought a pub for a year before John took a job in Southern Rhodesia with a motor company. Beryl bought their young son a box of watercolours, and when showing him how to use it, she decided that she herself quite enjoyed painting. John subsequently bought her a child’s painting set for her birthday and it was with this that she produced her first significant work, a half-length portrait of a dark-skinned lady with a vacant expression and large drooping breasts. It was aptly named ‘Hangover’ by Beryl’s husband and\r\n\r\nIt is often frustrating to attempt to plan meals that are designed for one. Despite this fact, we are seeing more and more recipe books and Internet websites that are dedicated to the act of cooking for one. Divorce and the death of spouses or grown children leaving for college are all reasons that someone accustomed to cooking for more than one would suddenly need to learn how to adjust all the cooking practices utilized before into a streamlined plan of cooking that is more efficient for one person creating less", "category": 5, "brand": [1], "specification": [1], "imageproduct": [1, 2, 3, 4]}}, {"model": "shop.product", "pk": 3, "fields": {"title": "Faded SkyBlu Denim Jeans-3", "price": "149.99", "old_price": "160.99", "published": true, "create_at": "2022-10-17T15:25:35.373Z", "availibility": "ДА", "quantity": 43, "main_image": "images/p3.jpg", "slug": "faded-skyblu-denim-jeans-3", "description": "Beryl Cook is one of Britain’s most talented and amusing artists .Beryl’s pictures feature women of all shapes and sizes enjoying themselves .Born between the two world wars, Beryl Cook eventually left Kendrick School in Reading at the age of 15, where she went to secretarial school and then into an insurance office. After moving to London and then Hampton, she eventually married her next door neighbour from Reading, John Cook. He was an officer in the Merchant Navy and after he left the sea in 1956, they bought a pub for a year before John took a job in Southern Rhodesia with a motor company. Beryl bought their young son a box of watercolours, and when showing him how to use it, she decided that she herself quite enjoyed painting. John subsequently bought her a child’s painting set for her birthday and it was with this that she produced her first significant work, a half-length portrait of a dark-skinned lady with a vacant expression and large drooping breasts. It was aptly named ‘Hangover’ by Beryl’s husband and\r\n\r\nIt is often frustrating to attempt to plan meals that are designed for one. Despite this fact, we are seeing more and more recipe books and Internet websites that are dedicated to the act of cooking for one. Divorce and the death of spouses or grown children leaving for college are all reasons that someone accustomed to cooking for more than one would suddenly need to learn how to adjust all the cooking practices utilized before into a streamlined plan of cooking that is more efficient for one person creating less", "category": 6, "brand": [1], "specification": [1], "imageproduct": [1, 2, 3, 4]}}, {"model": "shop.product", "pk": 4, "fields": {"title": "Faded SkyBlu Denim Jeans-4", "price": "149.99", "old_price": "160.99", "published": true, "create_at": "2022-10-17T15:25:51.812Z", "availibility": "ДА", "quantity": 43, "main_image": "images/p4_QdqD4Ye.jpg", "slug": "faded-skyblu-denim-jeans-4", "description": "Beryl Cook is one of Britain’s most talented and amusing artists .Beryl’s pictures feature women of all shapes and sizes enjoying themselves .Born between the two world wars, Beryl Cook eventually left Kendrick School in Reading at the age of 15, where she went to secretarial school and then into an insurance office. After moving to London and then Hampton, she eventually married her next door neighbour from Reading, John Cook. He was an officer in the Merchant Navy and after he left the sea in 1956, they bought a pub for a year before John took a job in Southern Rhodesia with a motor company. Beryl bought their young son a box of watercolours, and when showing him how to use it, she decided that she herself quite enjoyed painting. John subsequently bought her a child’s painting set for her birthday and it was with this that she produced her first significant work, a half-length portrait of a dark-skinned lady with a vacant expression and large drooping breasts. It was aptly named ‘Hangover’ by Beryl’s husband and\r\n\r\nIt is often frustrating to attempt to plan meals that are designed for one. Despite this fact, we are seeing more and more recipe books and Internet websites that are dedicated to the act of cooking for one. Divorce and the death of spouses or grown children leaving for college are all reasons that someone accustomed to cooking for more than one would suddenly need to learn how to adjust all the cooking practices utilized before into a streamlined plan of cooking that is more efficient for one person creating less", "category": 2, "brand": [1], "specification": [1], "imageproduct": [1, 2, 3, 4]}}, {"model": "shop.product", "pk": 5, "fields": {"title": "Faded SkyBlu Denim Jeans-5", "price": "149.99", "old_price": "160.99", "published": true, "create_at": "2022-10-17T15:26:15.760Z", "availibility": "ДА", "quantity": 21, "main_image": "images/p5.jpg", "slug": "faded-skyblu-denim-jeans-5", "description": "Beryl Cook is one of Britain’s most talented and amusing artists .Beryl’s pictures feature women of all shapes and sizes enjoying themselves .Born between the two world wars, Beryl Cook eventually left Kendrick School in Reading at the age of 15, where she went to secretarial school and then into an insurance office. After moving to London and then Hampton, she eventually married her next door neighbour from Reading, John Cook. He was an officer in the Merchant Navy and after he left the sea in 1956, they bought a pub for a year before John took a job in Southern Rhodesia with a motor company. Beryl bought their young son a box of watercolours, and when showing him how to use it, she decided that she herself quite enjoyed painting. John subsequently bought her a child’s painting set for her birthday and it was with this that she produced her first significant work, a half-length portrait of a dark-skinned lady with a vacant expression and large drooping breasts. It was aptly named ‘Hangover’ by Beryl’s husband and\r\n\r\nIt is often frustrating to attempt to plan meals that are designed for one. Despite this fact, we are seeing more and more recipe books and Internet websites that are dedicated to the act of cooking for one. Divorce and the death of spouses or grown children leaving for college are all reasons that someone accustomed to cooking for more than one would suddenly need to learn how to adjust all the cooking practices utilized before into a streamlined plan of cooking that is more efficient for one person creating less", "category": 2, "brand": [1], "specification": [1], "imageproduct": [1, 2, 3, 4]}}, {"model": "shop.product", "pk": 6, "fields": {"title": "Faded SkyBlu Denim Jeans-6", "price": "149.99", "old_price": "160.99", "published": true, "create_at": "2022-10-17T15:26:32.196Z", "availibility": "ДА", "quantity": 21, "main_image": "images/p6.jpg", "slug": "faded-skyblu-denim-jeans-6", "description": "Beryl Cook is one of Britain’s most talented and amusing artists .Beryl’s pictures feature women of all shapes and sizes enjoying themselves .Born between the two world wars, Beryl Cook eventually left Kendrick School in Reading at the age of 15, where she went to secretarial school and then into an insurance office. After moving to London and then Hampton, she eventually married her next door neighbour from Reading, John Cook. He was an officer in the Merchant Navy and after he left the sea in 1956, they bought a pub for a year before John took a job in Southern Rhodesia with a motor company. Beryl bought their young son a box of watercolours, and when showing him how to use it, she decided that she herself quite enjoyed painting. John subsequently bought her a child’s painting set for her birthday and it was with this that she produced her first significant work, a half-length portrait of a dark-skinned lady with a vacant expression and large drooping breasts. It was aptly named ‘Hangover’ by Beryl’s husband and\r\n\r\nIt is often frustrating to attempt to plan meals that are designed for one. Despite this fact, we are seeing more and more recipe books and Internet websites that are dedicated to the act of cooking for one. Divorce and the death of spouses or grown children leaving for college are all reasons that someone accustomed to cooking for more than one would suddenly need to learn how to adjust all the cooking practices utilized before into a streamlined plan of cooking that is more efficient for one person creating less", "category": 2, "brand": [1], "specification": [1], "imageproduct": [1, 2, 3, 4]}}, {"model": "shop.product", "pk": 7, "fields": {"title": "Faded SkyBlu Denim Jeans-7", "price": "149.99", "old_price": "160.99", "published": true, "create_at": "2022-10-17T15:26:52.761Z", "availibility": "ДА", "quantity": 21, "main_image": "images/p7.jpg", "slug": "faded-skyblu-denim-jeans-7", "description": "Beryl Cook is one of Britain’s most talented and amusing artists .Beryl’s pictures feature women of all shapes and sizes enjoying themselves .Born between the two world wars, Beryl Cook eventually left Kendrick School in Reading at the age of 15, where she went to secretarial school and then into an insurance office. After moving to London and then Hampton, she eventually married her next door neighbour from Reading, John Cook. He was an officer in the Merchant Navy and after he left the sea in 1956, they bought a pub for a year before John took a job in Southern Rhodesia with a motor company. Beryl bought their young son a box of watercolours, and when showing him how to use it, she decided that she herself quite enjoyed painting. John subsequently bought her a child’s painting set for her birthday and it was with this that she produced her first significant work, a half-length portrait of a dark-skinned lady with a vacant expression and large drooping breasts. It was aptly named ‘Hangover’ by Beryl’s husband and\r\n\r\nIt is often frustrating to attempt to plan meals that are designed for one. Despite this fact, we are seeing more and more recipe books and Internet websites that are dedicated to the act of cooking for one. Divorce and the death of spouses or grown children leaving for college are all reasons that someone accustomed to cooking for more than one would suddenly need to learn how to adjust all the cooking practices utilized before into a streamlined plan of cooking that is more efficient for one person creating less", "category": 4, "brand": [1], "specification": [1], "imageproduct": [1, 2, 3, 4]}}, {"model": "shop.product", "pk": 8, "fields": {"title": "Faded SkyBlu Denim Jeans-8", "price": "149.99", "old_price": "160.99", "published": true, "create_at": "2022-10-17T15:27:06.411Z", "availibility": "ДА", "quantity": 21, "main_image": "images/p8.jpg", "slug": "faded-skyblu-denim-jeans-8", "description": "Beryl Cook is one of Britain’s most talented and amusing artists .Beryl’s pictures feature women of all shapes and sizes enjoying themselves .Born between the two world wars, Beryl Cook eventually left Kendrick School in Reading at the age of 15, where she went to secretarial school and then into an insurance office. After moving to London and then Hampton, she eventually married her next door neighbour from Reading, John Cook. He was an officer in the Merchant Navy and after he left the sea in 1956, they bought a pub for a year before John took a job in Southern Rhodesia with a motor company. Beryl bought their young son a box of watercolours, and when showing him how to use it, she decided that she herself quite enjoyed painting. John subsequently bought her a child’s painting set for her birthday and it was with this that she produced her first significant work, a half-length portrait of a dark-skinned lady with a vacant expression and large drooping breasts. It was aptly named ‘Hangover’ by Beryl’s husband and\r\n\r\nIt is often frustrating to attempt to plan meals that are designed for one. Despite this fact, we are seeing more and more recipe books and Internet websites that are dedicated to the act of cooking for one. Divorce and the death of spouses or grown children leaving for college are all reasons that someone accustomed to cooking for more than one would suddenly need to learn how to adjust all the cooking practices utilized before into a streamlined plan of cooking that is more efficient for one person creating less", "category": 4, "brand": [1], "specification": [1], "imageproduct": [1, 2, 3, 4]}}, {"model": "blog.category", "pk": 1, "fields": {"name": "Fashion", "slug": "fashion"}}, {"model": "blog.category", "pk": 2, "fields": {"name": "Architecture", "slug": "architecture"}}, {"model": "blog.category", "pk": 3, "fields": {"name": "Food", "slug": "food"}}, {"model": "blog.category", "pk": 4, "fields": {"name": "Art", "slug": "art"}}, {"model": "blog.tag", "pk": 1, "fields": {"name": "Adventure", "slug": "adventure"}}, {"model": "blog.tag", "pk": 2, "fields": {"name": "Lifestyle", "slug": "lifestyle"}}, {"model": "blog.tag", "pk": 3, "fields": {"name": "Art", "slug": "art"}}, {"model": "blog.tag", "pk": 4, "fields": {"name": "Technology", "slug": "technology"}}, {"model": "blog.tag", "pk": 5, "fields": {"name": "Fashion", "slug": "fashion"}}, {"model": "blog.ip", "pk": 1, "fields": {"ip": "127.0.0.1"}}, {"model": "blog.post", "pk": 1, "fields": {"title": "Astronomy Binoculars A Great Alternative", "author": 1, "image": "images/m-blog-1.jpg", "description": "<p>MCSE boot camps have its supporters and its detractors. Some people do not understand why you should have to spend money on boot camp when you can get the MCSE study materials yourself at a fraction.</p>\r\n\r\n<p>Boot camps have its supporters and its detractors. Some people do not understand why you should have to spend money on boot camp when you can get the MCSE study materials yourself at a fraction of the camp price. However, who has the willpower to actually sit through a self-imposed MCSE training. who has the willpower to actually sit through a self-imposed</p>\r\n\r\n<p>Boot camps have its supporters and its detractors. Some people do not understand why you should have to spend money on boot camp when you can get the MCSE study materials yourself at a fraction of the camp price. However, who has the willpower to actually sit through a self-imposed MCSE training. who has the willpower to actually sit through a self-imposed</p>\r\n\r\n<p>MCSE boot camps have its supporters and its detractors. Some people do not understand why you should have to spend money on boot camp when you can get the MCSE study materials yourself at a fraction of the camp price. However, who has the willpower to actually sit through a self-imposed MCSE training.</p>\r\n\r\n<p><img alt=\"\" src=\"https://preview.colorlib.com/theme/karma/img/blog/xpost-img1.jpg.pagespeed.ic.UeMlV6U-bS.webp\" /><img alt=\"\" src=\"https://preview.colorlib.com/theme/karma/img/blog/xpost-img2.jpg.pagespeed.ic.1S4bA8GR37.webp\" /></p>\r\n\r\n<p>MCSE boot camps have its supporters and its detractors. Some people do not understand why you should have to spend money on boot camp when you can get the MCSE study materials yourself at a fraction of the camp price. However, who has the willpower.</p>\r\n\r\n<p>MCSE boot camps have its supporters and its detractors. Some people do not understand why you should have to spend money on boot camp when you can get the MCSE study materials yourself at a fraction of the camp price. However, who has the willpower.</p>", "create_at": "2022-10-13T19:43:17.806Z", "slug": "astronomy-binoculars-a-great-alternative", "category": 2, "views": [], "tag": [1, 3, 4, 5]}}, {"model": "blog.post", "pk": 2, "fields": {"title": "The Basics Of Buying A Telescope", "author": 1, "image": "images/m-blog-2.jpg", "description": "<p>MCSE boot camps have its supporters and its detractors. Some people do not understand why you should have to spend money on boot camp when you can get the MCSE study materials yourself at a fraction.</p>\r\n\r\n<p>Boot camps have its supporters and its detractors. Some people do not understand why you should have to spend money on boot camp when you can get the MCSE study materials yourself at a fraction of the camp price. However, who has the willpower to actually sit through a self-imposed MCSE training. who has the willpower to actually sit through a self-imposed</p>\r\n\r\n<p>Boot camps have its supporters and its detractors. Some people do not understand why you should have to spend money on boot camp when you can get the MCSE study materials yourself at a fraction of the camp price. However, who has the willpower to actually sit through a self-imposed MCSE training. who has the willpower to actually sit through a self-imposed</p>\r\n\r\n<p>MCSE boot camps have its supporters and its detractors. Some people do not understand why you should have to spend money on boot camp when you can get the MCSE study materials yourself at a fraction of the camp price. However, who has the willpower to actually sit through a self-imposed MCSE training.</p>\r\n\r\n<p><img alt=\"\" src=\"https://preview.colorlib.com/theme/karma/img/blog/xpost-img1.jpg.pagespeed.ic.UeMlV6U-bS.webp\" /><img alt=\"\" src=\"https://preview.colorlib.com/theme/karma/img/blog/xpost-img2.jpg.pagespeed.ic.1S4bA8GR37.webp\" /></p>\r\n\r\n<p>MCSE boot camps have its supporters and its detractors. Some people do not understand why you should have to spend money on boot camp when you can get the MCSE study materials yourself at a fraction of the camp price. However, who has the willpower.</p>\r\n\r\n<p>MCSE boot camps have its supporters and its detractors. Some people do not understand why you should have to spend money on boot camp when you can get the MCSE study materials yourself at a fraction of the camp price. However, who has the willpower.</p>", "create_at": "2022-10-13T19:44:33.975Z", "slug": "astronomy-binoculars-a-great-alternative-1", "category": 3, "views": [1], "tag": [1, 2, 3, 4, 5]}}, {"model": "blog.post", "pk": 3, "fields": {"title": "The Glossary Of Telescopes", "author": 1, "image": "images/m-blog-3.jpg", "description": "<p>MCSE boot camps have its supporters and its detractors. Some people do not understand why you should have to spend money on boot camp when you can get the MCSE study materials yourself at a fraction.</p>\r\n\r\n<p>Boot camps have its supporters and its detractors. Some people do not understand why you should have to spend money on boot camp when you can get the MCSE study materials yourself at a fraction of the camp price. However, who has the willpower to actually sit through a self-imposed MCSE training. who has the willpower to actually sit through a self-imposed</p>\r\n\r\n<p>Boot camps have its supporters and its detractors. Some people do not understand why you should have to spend money on boot camp when you can get the MCSE study materials yourself at a fraction of the camp price. However, who has the willpower to actually sit through a self-imposed MCSE training. who has the willpower to actually sit through a self-imposed</p>\r\n\r\n<p>MCSE boot camps have its supporters and its detractors. Some people do not understand why you should have to spend money on boot camp when you can get the MCSE study materials yourself at a fraction of the camp price. However, who has the willpower to actually sit through a self-imposed MCSE training.</p>\r\n\r\n<p><img alt=\"\" src=\"https://preview.colorlib.com/theme/karma/img/blog/xpost-img1.jpg.pagespeed.ic.UeMlV6U-bS.webp\" /><img alt=\"\" src=\"https://preview.colorlib.com/theme/karma/img/blog/xpost-img2.jpg.pagespeed.ic.1S4bA8GR37.webp\" /></p>\r\n\r\n<p>MCSE boot camps have its supporters and its detractors. Some people do not understand why you should have to spend money on boot camp when you can get the MCSE study materials yourself at a fraction of the camp price. However, who has the willpower.</p>\r\n\r\n<p>MCSE boot camps have its supporters and its detractors. Some people do not understand why you should have to spend money on boot camp when you can get the MCSE study materials yourself at a fraction of the camp price. However, who has the willpower.</p>", "create_at": "2022-10-13T19:45:03.754Z", "slug": "astronomy-binoculars-a-great-alternative-2", "category": 4, "views": [], "tag": [1]}}, {"model": "blog.post", "pk": 4, "fields": {"title": "The Night Sky", "author": 1, "image": "images/m-blog-4.jpg", "description": "<p>MCSE boot camps have its supporters and its detractors. Some people do not understand why you should have to spend money on boot camp when you can get the MCSE study materials yourself at a fraction.</p>\r\n\r\n<p>Boot camps have its supporters and its detractors. Some people do not understand why you should have to spend money on boot camp when you can get the MCSE study materials yourself at a fraction of the camp price. However, who has the willpower to actually sit through a self-imposed MCSE training. who has the willpower to actually sit through a self-imposed</p>\r\n\r\n<p>Boot camps have its supporters and its detractors. Some people do not understand why you should have to spend money on boot camp when you can get the MCSE study materials yourself at a fraction of the camp price. However, who has the willpower to actually sit through a self-imposed MCSE training. who has the willpower to actually sit through a self-imposed</p>\r\n\r\n<p>MCSE boot camps have its supporters and its detractors. Some people do not understand why you should have to spend money on boot camp when you can get the MCSE study materials yourself at a fraction of the camp price. However, who has the willpower to actually sit through a self-imposed MCSE training.</p>\r\n\r\n<p><img alt=\"\" src=\"https://preview.colorlib.com/theme/karma/img/blog/xpost-img1.jpg.pagespeed.ic.UeMlV6U-bS.webp\" /><img alt=\"\" src=\"https://preview.colorlib.com/theme/karma/img/blog/xpost-img2.jpg.pagespeed.ic.1S4bA8GR37.webp\" /></p>\r\n\r\n<p>MCSE boot camps have its supporters and its detractors. Some people do not understand why you should have to spend money on boot camp when you can get the MCSE study materials yourself at a fraction of the camp price. However, who has the willpower.</p>\r\n\r\n<p>MCSE boot camps have its supporters and its detractors. Some people do not understand why you should have to spend money on boot camp when you can get the MCSE study materials yourself at a fraction of the camp price. However, who has the willpower.</p>", "create_at": "2022-10-13T19:45:47.586Z", "slug": "astronomy-binoculars-a-great-alternative-3", "category": 1, "views": [1], "tag": [4, 5]}}, {"model": "blog.post", "pk": 5, "fields": {"title": "Telescopes 101", "author": 1, "image": "images/m-blog-5.jpg", "description": "<p>MCSE boot camps have its supporters and its detractors. Some people do not understand why you should have to spend money on boot camp when you can get the MCSE study materials yourself at a fraction.</p>\r\n\r\n<p>Boot camps have its supporters and its detractors. Some people do not understand why you should have to spend money on boot camp when you can get the MCSE study materials yourself at a fraction of the camp price. However, who has the willpower to actually sit through a self-imposed MCSE training. who has the willpower to actually sit through a self-imposed</p>\r\n\r\n<p>Boot camps have its supporters and its detractors. Some people do not understand why you should have to spend money on boot camp when you can get the MCSE study materials yourself at a fraction of the camp price. However, who has the willpower to actually sit through a self-imposed MCSE training. who has the willpower to actually sit through a self-imposed</p>\r\n\r\n<p>MCSE boot camps have its supporters and its detractors. Some people do not understand why you should have to spend money on boot camp when you can get the MCSE study materials yourself at a fraction of the camp price. However, who has the willpower to actually sit through a self-imposed MCSE training.</p>\r\n\r\n<p><img alt=\"\" src=\"https://preview.colorlib.com/theme/karma/img/blog/xpost-img1.jpg.pagespeed.ic.UeMlV6U-bS.webp\" /><img alt=\"\" src=\"https://preview.colorlib.com/theme/karma/img/blog/xpost-img2.jpg.pagespeed.ic.1S4bA8GR37.webp\" /></p>\r\n\r\n<p>MCSE boot camps have its supporters and its detractors. Some people do not understand why you should have to spend money on boot camp when you can get the MCSE study materials yourself at a fraction of the camp price. However, who has the willpower.</p>\r\n\r\n<p>MCSE boot camps have its supporters and its detractors. Some people do not understand why you should have to spend money on boot camp when you can get the MCSE study materials yourself at a fraction of the camp price. However, who has the willpower.</p>", "create_at": "2022-10-13T19:46:12.275Z", "slug": "astronomy-binoculars-a-great-alternative-4", "category": 2, "views": [1], "tag": [2, 4, 5]}}]